{
  "project_info": {
    "project_number": "124565948968",
    "project_id": "logmaps-a42c0",
    "storage_bucket": "logmaps-a42c0.appspot.com"
  },
  "client": [
    {
      "client_info": {
        "mobilesdk_app_id": "1:124565948968:android:c7040623fcb44eaac9031d",
        "android_client_info": {
          "package_name": "com.gabriel.logmaps"
        }
      },
      "oauth_client": [
        {
          "client_id": "124565948968-qbmbsa094ulrqo45qc33cebhrm1qbndm.apps.googleusercontent.com",
          "client_type": 3
        }
      ],
      "api_key": [
        {
          "current_key": "AIzaSyAxGPnbv2kR2y8o-Ka9E3IZ0BHYabI9vfs"
        }
      ],
      "services": {
        "appinvite_service": {
          "other_platform_oauth_client": [
            {
              "client_id": "124565948968-qbmbsa094ulrqo45qc33cebhrm1qbndm.apps.googleusercontent.com",
              "client_type": 3
            }
          ]
        }
      }
    }
  ],
  "configuration_version": "1"
}